date,open,high,low,close,volume
08/02/2013,25.9635,26.28,25.7157,25.8528,25649820
11/02/2013,25.5685,26.0071,24.9714,25.4128,29321782
12/02/2013,25.8085,26.2228,25.1014,25.4214,34388802
13/02/2013,25.8428,26.6285,25.6657,26.6098,40799094
14/02/2013,26.7557,27.1214,26.3844,26.7714,31968685
15/02/2013,26.9385,27.1428,26.6085,27.0731,26651786
19/02/2013,27.2857,28.1671,27.1643,28.0643,34126330
20/02/2013,28.2257,28.2314,26.6428,26.7314,34992125
21/02/2013,26.5714,27.4571,26.0714,26.7357,36822583
22/02/2013,26.2457,26.2557,25.49,25.6943,38841173
25/02/2013,25.8557,26.7285,25.0643,25.6171,52156104
26/02/2013,25.8,26.46,25.0857,26.2985,33878621
27/02/2013,26.2257,26.5714,25.7944,26.3314,22583071
28/02/2013,26.2585,27.4473,26.2157,26.8685,34291733
01/03/2013,26.73,27.1914,26.6014,27.0528,21448756
04/03/2013,26.9543,27.1543,25.2371,25.8871,47820353
05/03/2013,26.3814,26.4728,25.44,25.9614,32308045
06/03/2013,26.0214,26.4228,25.6543,26.1343,17400376
07/03/2013,25.7143,26.0714,25.1657,25.9371,28692944
08/03/2013,26.0643,26.55,25.8157,26.3857,23508898
11/03/2013,26.2857,26.36,25.5728,25.7785,21013853
12/03/2013,25.6228,26.31,25.6071,26.0157,21151053
13/03/2013,26.7714,27.8843,26.6785,27.48,53814523
14/03/2013,27.5271,27.5271,26.7243,26.91,28450744
15/03/2013,27.0357,27.1414,26.3643,26.4071,20662355
18/03/2013,25.9114,26.6814,25.7931,26.5128,18048226
19/03/2013,26.5714,26.6785,25.6071,25.91,19868674
20/03/2013,26.0885,26.2642,25.7757,26.15,11131960
21/03/2013,26.0428,26.7714,25.9957,25.9985,18801734
22/03/2013,26.1571,26.2657,25.6428,25.9,14187971
25/03/2013,26.0614,26.4057,25.6814,25.8271,15024583
26/03/2013,26.2857,27.52,26.2285,27.23,46804100
27/03/2013,27.0914,28.1514,26.9043,27.1771,40471914
28/03/2013,27.25,27.5571,26.9428,27.04,19584607
01/04/2013,27.2785,27.3571,25.9243,26.0614,22933365
02/04/2013,26.2714,26.4542,25.1571,25.2414,32276853
03/04/2013,25.2935,25.4757,23.4657,24.2485,75354062
04/04/2013,23.91,24.304,23.4014,23.8128,34456926
05/04/2013,23.36,24.3571,23.2185,23.5228,32512256
08/04/2013,23.69,23.7571,22.7143,23.2943,31743943
09/04/2013,23.3557,24.4814,23.15,24.1943,34045361
10/04/2013,24,24.2071,23.5585,23.7243,29708994
11/04/2013,24.1185,24.7714,24.1171,24.7157,32878902
12/04/2013,25.2843,25.3771,24.4573,24.7428,37795758
15/04/2013,25.08,26.0499,24.9714,25.2143,46524275
16/04/2013,24.9957,25.39,24.61,25.1214,29708945
17/04/2013,24.9057,25.3414,24.0385,24.1943,27543747
18/04/2013,24.4285,24.5571,23.1143,23.4028,23109254
19/04/2013,23.6428,24.1671,23.29,23.3385,20157452
22/04/2013,23.6743,25.2143,23.6743,24.91,83741056
23/04/2013,30.7957,31.34,29.93,30.9985,114777621
24/04/2013,31.0857,32.0428,30.46,30.96,46890739
25/04/2013,30.9971,31.2557,30.4671,30.5357,29270563
26/04/2013,31,31.0185,30.36,30.7928,21777385
29/04/2013,30.9443,31.1043,30.2871,30.7161,20785107
30/04/2013,30.6571,31.3928,30.6057,30.8671,25070199
01/05/2013,30.8457,31.0555,30.2357,30.4157,18358578
02/05/2013,30.4628,30.7785,30.0271,30.6414,18327099
03/05/2013,30.8257,31.1757,30.3857,30.4928,15431423
06/05/2013,29.9471,30.35,29.1457,30.0985,31730426
07/05/2013,29.8257,30.0743,29.3714,29.4643,17071985
08/05/2013,29.2757,30.0571,29.2185,29.8014,17622528
09/05/2013,29.7185,31.2685,29.5028,30.9157,36105776
10/05/2013,30.9157,31.3928,30.6514,31.0991,18844490
13/05/2013,31.0243,32.8128,31.02,32.7684,41342742
14/05/2013,33.1414,33.7985,32.9714,33.4243,38516681
15/05/2013,34.21,35.0614,33.9757,34.7714,36027936
16/05/2013,35.2785,35.55,33.6,33.8614,28051415
17/05/2013,34.0757,34.6785,33.7143,34.1428,20132070
20/05/2013,34.0628,34.5214,33.8228,34.2214,14763980
21/05/2013,34.2914,34.4143,33.5714,33.87,11490584
22/05/2013,33.4857,34.0285,32.3771,32.6514,21766640
23/05/2013,32.2428,32.6,31.65,32.3114,16197202
24/05/2013,32.1757,32.7143,32.0714,32.6771,11807299
28/05/2013,33.1071,33.7085,30.425,30.5985,39373005
29/05/2013,30.65,31.6257,29.9871,30.7628,34097973
30/05/2013,30.8614,31.8571,30.2214,31.8085,24082716
31/05/2013,32.1771,32.7971,32.0071,32.3214,25415089
03/06/2013,32.4357,32.5,31.0814,31.71,21270389
04/06/2013,31.445,32.5071,31.2243,32.1871,23006662
05/06/2013,31.8843,32.5714,31.2,31.9228,33096000
06/06/2013,31.7314,32.2,30.5714,31.1057,26068819
07/06/2013,31.2343,31.5457,30.8071,31.46,15291787
10/06/2013,31.8614,31.9043,30.8657,31.5614,13811441
11/06/2013,31.1214,31.4671,30.5428,30.6371,14210126
12/06/2013,30.8328,30.8328,29.5528,29.6628,19107487
13/06/2013,29.7128,30.7928,29.3928,30.77,18507237
14/06/2013,30.6814,31.0414,30.3314,30.57,12488259
17/06/2013,32.22,32.9285,31.9643,32.7471,35842184
18/06/2013,32.8914,33,32.3428,32.69,17431064
19/06/2013,32.5714,33.6971,32.5158,33.1871,22352799
20/06/2013,32.7814,33,31.5057,31.9314,21115808
21/06/2013,32.15,32.34,30.6,30.9857,23381862
24/06/2013,30.4285,31.2971,29.8571,30.8,17892042
25/06/2013,30.2814,30.5,29.6514,30.4143,20917540
26/06/2013,30.65,31.1785,30.1171,30.3,18833920
27/06/2013,30.4157,30.9617,29.9428,30.71,18326364
28/06/2013,30.61,30.9,30.0071,30.1557,19580617
01/07/2013,30.5171,32.19,30.2857,32.04,24516884
02/07/2013,32.1757,32.4957,31.1428,31.6371,17729278
03/07/2013,31.7314,32,31.2785,31.5585,8641451
05/07/2013,31.7271,32.1785,31.3328,32.1571,9956919
08/07/2013,32.4257,33.6057,32.2157,33.3,24285219
09/07/2013,33.5771,35.3443,33.5528,35.3403,35508298
10/07/2013,35.0785,35.2714,34.1728,34.8314,22735846
11/07/2013,35.4285,35.6,34.4028,34.8814,21145733
12/07/2013,35.1185,36.7757,35.1071,36.7515,34238281
15/07/2013,37.0571,37.1214,36.0185,36.8542,20611388
16/07/2013,36.7557,38.0528,36.6714,37.2114,33354622
17/07/2013,37.32,38.3228,36.9528,38.2742,19507019
18/07/2013,38.6157,38.6157,37.7142,38.0585,20464591
19/07/2013,38.2042,38.2784,37.5971,37.7965,18109266
22/07/2013,38.1214,38.3928,36.7314,37.4228,45155670
23/07/2013,35.9142,37.4621,35.1714,35.7514,76811315
24/07/2013,35.6743,36.0357,34.3143,34.4714,33401571
25/07/2013,34.3657,35.38,34.2728,35.2485,19633852
26/07/2013,34.9457,35.2828,34.4014,35.1871,17825381
29/07/2013,35.1514,35.81,34.6428,34.9943,13215139
30/07/2013,35.0571,35.4157,34.5443,34.8228,10631404
31/07/2013,34.7728,35.3,34.5628,34.9263,13122235
01/08/2013,35.22,35.7142,34.9385,35.5885,14205926
02/08/2013,35.62,35.62,34.9714,35.1685,13879663
05/08/2013,34.8443,36.2714,34.4828,36.2628,22967000
06/08/2013,36.2785,36.8,35.7285,36.5571,20415983
07/08/2013,36.3371,36.7814,35.5228,35.6014,16330398
08/08/2013,35.9814,36.2707,35.4928,35.7714,14814961
09/08/2013,35.7128,36.2442,35.6857,36.1071,12322877
12/08/2013,35.8971,36.7142,35.7742,36.6571,17804955
13/08/2013,36.95,37.457,36.18,37.0271,21940611
14/08/2013,36.9,37.6842,36.8593,37.4014,17400082
15/08/2013,37,37.2128,35.9085,36.2014,16628857
16/08/2013,36.1728,37.1642,35.8758,36.9814,21354403
19/08/2013,36.8571,37.6428,36.8214,37.1114,15497580
20/08/2013,37.5614,39.0771,37.5,39.0414,30118277
21/08/2013,38.9842,39.2357,38.2142,38.6242,21258559
22/08/2013,38.9314,39.0657,38.3185,38.5357,9965004
23/08/2013,38.5785,39.77,38.4314,39.7657,22326654
26/08/2013,39.4442,41.4206,39.1485,40.3885,30694370
27/08/2013,39.8785,40.84,39.2142,39.4342,23070642
28/08/2013,39.8085,40.7142,39.4857,40.48,19356008
29/08/2013,40.5757,41.4614,40.5485,41.1214,19063436
30/08/2013,41.1785,41.2614,40.4214,40.5585,15149638
03/09/2013,41.0614,41.53,40.65,41.2857,19972589
04/09/2013,41.2628,41.8657,40.9985,41.7757,19701269
05/09/2013,42.4,42.7042,42.06,42.1585,19076610
06/09/2013,42.3328,42.3585,41.4571,41.6485,17701250
09/09/2013,41.8214,42.1857,41.4685,42.0214,13842556
10/09/2013,42.4999,44.7485,42.4014,44.7228,36610063
11/09/2013,44.82,44.8828,43.4114,44.0428,29948114
12/09/2013,43.12,43.7785,42.6214,43.058,21948822
13/09/2013,43.1428,43.7142,42.7414,43.6642,15035468
16/09/2013,44.2857,44.3128,43.1142,43.1657,14084343
17/09/2013,43.1485,43.3228,42.5285,42.7928,18201848
18/09/2013,42.7085,43.9542,42.5885,43.8457,13735330
19/09/2013,44.0528,44.1064,43.43,43.6425,17351831
20/09/2013,43.6914,45.1267,43.66,44.8328,30794043
23/09/2013,45.77,45.77,42.7885,43.1485,32031377
24/09/2013,43.0428,44.2,42.9071,43.7842,18786348
25/09/2013,44.0285,44.4,43.4371,43.8771,14640353
26/09/2013,44.0057,44.9271,43.9285,44.7871,12464816
27/09/2013,44.3942,44.7885,44.2428,44.6285,8301188
30/09/2013,43.96,44.5928,43.6,44.1728,12531379
01/10/2013,44.9671,46.3857,44.8571,46.3742,29705459
02/10/2013,46.0128,47.6571,45.9457,47.2471,30586031
03/10/2013,47.2871,47.7857,45.4357,45.96,24625489
04/10/2013,46.24,46.9,45.5057,46.7514,16814329
07/10/2013,46.2914,46.71,45.45,45.4514,14635236
08/10/2013,45.6128,45.9314,42.795,43.1885,28559517
09/10/2013,42.89,42.9392,40.4,41.2042,41971580
10/10/2013,43,43.9185,42.3428,43.4277,30694699
11/10/2013,43.473,43.9442,42.8757,42.9782,19200349
14/10/2013,44.3728,46.4671,43.7142,46.3371,45659733
15/10/2013,46.4428,46.7614,45.62,45.9557,26909701
16/10/2013,45.73,46.5,45.4657,46.1254,18876487
17/10/2013,46.03,47.1728,45.6657,47.1571,19329877
18/10/2013,47.7142,48.0685,46.8,47.6428,25454926
21/10/2013,48.9885,50.7736,48.5857,50.7128,65089920
22/10/2013,55.4057,55.5942,45.9285,46.0748,181099968
23/10/2013,45.3314,47.8842,45.2857,47.1771,58429168
24/10/2013,47.3485,48.1214,46.2371,47.3171,33559561
25/10/2013,47.2857,48.1714,46.5585,46.8615,24083199
28/10/2013,46.43,47.28,44.5442,44.8571,34260884
29/10/2013,45.51,46.7671,44.1714,46.7571,30966593
30/10/2013,46.96,46.99,45.0885,45.4485,21676340
31/10/2013,45.4442,46.6642,45.1,46.0685,18489681
01/11/2013,46.9757,47.6428,46.5571,47.0378,22035902
04/11/2013,47.2785,48.2557,46.45,48.2285,21940562
05/11/2013,47.9342,48.9142,47.5785,48.7857,17320345
06/11/2013,48.4985,49.1957,47.5414,47.9471,20793808
07/11/2013,48.4285,48.5242,46.4514,46.6942,20042456
08/11/2013,46.7028,47.9428,46.5028,47.8428,19467805
11/11/2013,47.5357,48.5,46.9457,48.2728,16824262
12/11/2013,48.0257,48.5,47.3357,47.6757,12248586
13/11/2013,47.6028,47.9228,47.0142,47.8977,11995886
14/11/2013,47.97,49.1428,47.8742,48.9385,20121241
15/11/2013,49.2285,49.9842,49.0114,49.9657,20190324
18/11/2013,49.9999,50.0699,48.5,48.8242,20262865
19/11/2013,48.6814,49.5457,47.7485,48.1842,17057670
20/11/2013,49.05,49.4785,48.2357,48.5028,19488707
21/11/2013,48.8914,49.8114,48.81,49.7857,16015048
22/11/2013,49.8328,50.0857,49.1428,49.6928,14211113
25/11/2013,49.5571,50.4185,49.2871,50.0342,13986546
26/11/2013,50.0714,50.9228,49.6528,50.7428,14689080
27/11/2013,51.0157,51.9779,50.5057,51.7842,16832907
29/11/2013,52.0071,52.5428,51.8585,52.2571,8388135
02/12/2013,52.1257,52.5657,51.3728,51.9885,11676875
03/12/2013,51.6985,51.9399,50.9285,51.8485,13403565
04/12/2013,51.5128,52.6642,50.8928,50.8957,19399457
05/12/2013,51.1142,51.5899,50.4842,51.1514,13793178
06/12/2013,51.5771,51.6185,50.2857,50.6342,12082035
09/12/2013,50.7385,51.4099,50.5157,50.8099,11724300
10/12/2013,50.7214,52.0628,50.4742,51.8714,14102669
11/12/2013,52.0528,53.0228,51.7457,51.9971,20100801
12/12/2013,51.9528,53.5485,51.9357,53.3328,21318766
13/12/2013,53.7357,53.8571,52.6871,52.7099,17876628
16/12/2013,52.8542,52.9999,52.0357,52.3299,13921404
17/12/2013,52.3928,53.9571,52.3242,53.5528,18516771
18/12/2013,53.4085,53.8571,52.3585,53.7485,19895029
19/12/2013,53.4571,54.2657,53.3357,53.8199,13856626
20/12/2013,53.7857,54.2414,53.4771,53.6671,18822132
23/12/2013,54.0985,54.7757,53.8044,54.3685,12662944
24/12/2013,54.3942,54.8514,53.9257,54.0557,5577845
26/12/2013,54.0157,54.4157,53.6905,53.8471,12275704
27/12/2013,53.8728,54.1071,52.2585,52.4999,16954049
30/12/2013,52.5171,52.7914,51.2914,52.4271,15080219
31/12/2013,52.2142,52.7357,51.9471,52.5957,10527202
02/01/2014,52.4014,52.5114,51.5428,51.8314,12333979
03/01/2014,51.9999,52.4956,51.8428,51.8714,10818885
06/01/2014,51.8899,52.0442,50.4757,51.3671,15503915
07/01/2014,49.6842,49.6985,48.1528,48.5,36210153
08/01/2014,48.1042,49.4257,48.0742,48.7128,20018985
09/01/2014,48.8242,49.14,47.8571,48.15,17017301
10/01/2014,48.2957,48.3767,47.2185,47.4485,16249758
13/01/2014,47.3042,49.81,47.3042,48.1157,27247857
14/01/2014,48.7771,48.8,47.51,48.28,19770296
15/01/2014,47.8571,48.3671,45.5814,47.1971,40479404
16/01/2014,46.9157,47.6957,46.0028,47.3828,21139797
17/01/2014,47.4385,47.8314,46.8914,47.1485,16434446
21/01/2014,47.4614,47.496,45.75,46.9585,25240754
22/01/2014,47.0714,47.777,46.7644,47.6757,49331009
23/01/2014,55.3428,56.5185,53.9271,55.5314,91360052
24/01/2014,54.8114,55.8142,54.7685,55.1542,35713125
27/01/2014,55.3414,55.9285,52.9371,54.4614,32589193
28/01/2014,54.4742,58.2014,54.3942,58.1099,43746773
29/01/2014,57.5885,58.1914,56.8642,57.2028,29026893
30/01/2014,58.1571,58.4557,57.3585,57.8099,18408341
31/01/2014,57.4728,58.9142,57.4714,58.4757,23646686
03/02/2014,58.8428,58.8785,57.2449,57.7685,20153441
04/02/2014,57.9214,58.3614,56.7157,57.9871,18101433
05/02/2014,57.5928,58.2499,56.8571,57.7742,16782612
06/02/2014,58.0599,58.7014,57.2028,58.2728,12906831
07/02/2014,59.0628,61.4999,58.6514,61.4257,33050829
10/02/2014,61.3471,61.7671,60.6114,61.4914,13848555
11/02/2014,61.4228,62.2512,60.7871,61.9985,13684454
12/02/2014,62.1114,62.1285,60.7914,61.2757,15682919
13/02/2014,60.8128,62.7842,60.7144,62.3642,18723075
14/02/2014,62.4371,62.5285,61.6699,62.2157,12087859
18/02/2014,62.4228,63.0348,61.1428,62.4071,15518349
19/02/2014,61.6671,62.3214,61.1385,61.1757,16050517
20/02/2014,61.4785,62.5385,61.3085,62.1357,12013281
21/02/2014,62.6714,62.6714,61.3788,61.7471,13523055
24/02/2014,62.2099,64.2414,61.2142,63.8571,26097533
25/02/2014,64.2857,65.3985,63.5714,64.7185,18736487
26/02/2014,65.1285,65.1428,63.7142,64.1128,15018031
27/02/2014,63.9771,64.8751,63.9771,64.6042,10326036
28/02/2014,64.7328,64.8856,62.9999,63.6614,15774983
03/03/2014,63.0271,63.6785,62.5857,63.6557,13523895
04/03/2014,64.4171,64.9999,63.6557,64.9971,12405561
05/03/2014,64.8556,65.2628,64.5585,64.7856,10881465
06/03/2014,64.9914,65.4285,64.1411,64.3585,11824344
07/03/2014,64.8671,64.9342,63.6442,64.0528,11574437
10/03/2014,64.0671,64.1108,61.7287,62.8499,15459675
11/03/2014,63.2342,63.8114,62.2357,62.4971,10453079
12/03/2014,61.9542,62.7856,61.3828,62.3685,12152063
13/03/2014,62.8157,62.8971,61.1828,61.4371,11390225
14/03/2014,61.1042,62.1414,60.4285,60.6414,15005844
17/03/2014,61.1699,61.5428,60.3299,60.3885,10704666
18/03/2014,60.3385,60.8942,59.4999,60.0357,14728917
19/03/2014,59.9814,60.7783,59.5799,60.0128,10531542
20/03/2014,59.9528,61.7428,59.9285,60.6099,14495075
21/03/2014,60.8714,61.1914,57.9628,57.9985,26799059
24/03/2014,57.9271,58.0642,52.6571,54.1285,42484022
25/03/2014,54.1428,54.9899,52.2499,52.9771,30405592
26/03/2014,53.2871,53.9214,52.3672,53.1828,27159321
27/03/2014,53.0014,53.9757,51.6471,52.0257,28671909
28/03/2014,51.4599,52.7142,50.8214,51.2671,24699353
31/03/2014,51.6442,52.4085,49.9828,50.2899,22125362
01/04/2014,50.2499,52.1785,50.2485,52.0985,21357084
02/04/2014,52.2371,53.0071,51.1857,51.8399,24176208
03/04/2014,51.6185,52.1571,50.0142,50.6699,22001427
04/04/2014,50.7785,50.8571,47.9828,48.1871,34990256
07/04/2014,48.6442,49.7414,47.3014,48.2857,37351223
08/04/2014,48.5785,50.1123,48.3414,49.8414,25792130
09/04/2014,50.1471,50.5571,49.0214,50.4328,20529103
10/04/2014,50.6399,51.0685,47.7157,47.8185,24917956
11/04/2014,47.2571,47.8314,46.23,46.6728,30165856
14/04/2014,47.5557,47.8571,46.5057,47.3685,18001067
15/04/2014,47.0114,47.3671,44.5857,46.61,30826544
16/04/2014,47.2928,47.71,46.1942,47.3442,16122890
17/04/2014,48.1085,49.9614,47.5,49.3914,32141907
21/04/2014,49.9,49.9142,48.3285,49.7842,47892649
22/04/2014,53.8042,54.4114,52.1185,53.2714,64702379
23/04/2014,51.8185,52.4999,50.4285,50.4999,40347181
24/04/2014,50.3571,50.8427,47.8285,49.1528,30659629
25/04/2014,48.2085,48.7728,46,46.0114,33113493
28/04/2014,45.4357,45.8428,42.7857,44.8871,47123643
29/04/2014,44.6057,46.3757,44.5757,45.6957,23135490
30/04/2014,45.4171,46.0571,44.3214,46.0057,23631923
01/05/2014,46.2928,49.3842,46.15,48.0741,37013753
02/05/2014,48.2157,49.1285,47.7214,48.6642,26230295
05/05/2014,48.2957,49.3542,48.0142,49.1971,20336071
06/05/2014,49.1028,49.6742,46.52,46.5985,22722868
07/05/2014,46.59,46.8344,45.0301,45.7914,25682468
08/05/2014,45.3085,47.3885,44.9085,45.9514,21182511
09/05/2014,46.0114,47.1342,45.3357,46.9357,17968643
12/05/2014,47.2657,49.3614,47.2171,49.35,21401415
13/05/2014,49.2071,50.6099,48.6771,49.5914,20831762
14/05/2014,49.5785,50.6285,49.4371,50.2685,19909652
15/05/2014,50.1214,50.2557,48.4828,49.17,23373973
16/05/2014,49.3528,49.9957,48.5485,49.9828,19077779
19/05/2014,49.5714,52.4602,49.5075,52.0714,25423706
20/05/2014,52.1442,53.2428,51.7714,53.0957,28843437
21/05/2014,53.5885,55.8128,53.3357,55.7999,39967319
22/05/2014,55.8399,56.7857,55.3571,55.9714,33228594
23/05/2014,55.9485,57.4957,55.6658,57.4785,22140601
27/05/2014,57.4285,57.4599,56.1642,56.9728,26752866
28/05/2014,56.7428,57.8857,56.2142,57.3199,19880084
29/05/2014,57.6285,59.4271,57.0785,59.3142,22862644
30/05/2014,59.3114,60.2485,58.8014,59.6899,29254967
02/06/2014,59.9257,60.4157,58.9285,60.2942,20501467
03/06/2014,59.9985,60.7999,59.5785,59.6528,17140074
04/06/2014,59.5371,60.6428,59.0428,60.4585,17444735
05/06/2014,60.5357,61.3428,59.7957,61.1928,18946123
06/06/2014,61.4299,62.1271,61.1942,61.4471,15734915
09/06/2014,61.3571,61.5214,60.0128,60.4414,16710953
10/06/2014,60.7885,62.2914,60.7171,61.1842,22940848
11/06/2014,60.7471,61.7999,60.7142,61.4285,13752816
12/06/2014,61.2957,61.4639,60.0714,60.3499,15839082
13/06/2014,60.4285,61.1285,59.6014,61.1014,15789697
16/06/2014,60.9328,61.6014,60.4885,61.4657,12550419
17/06/2014,62.5771,64.0128,62.5385,63.3785,28999670
18/06/2014,63.3814,64.4028,62.8928,64.0971,18796344
19/06/2014,64.2042,64.2128,62.5799,63.0557,17341198
20/06/2014,63.0285,63.2685,62.1399,62.8828,13247787
23/06/2014,62.7657,63.1228,62.2214,62.7885,10691751
24/06/2014,62.5785,64.2771,62.2142,62.3371,20399071
25/06/2014,62.1428,63.5371,61.9042,63.4585,15763384
26/06/2014,62.9699,63.1628,62.3928,62.8014,14249025
27/06/2014,62.6171,63.3128,62.4857,63.1542,15589511
30/06/2014,63.2657,63.8382,62.8128,62.9428,10614002
01/07/2014,65.1756,67.6685,65.0428,67.5856,38039386
02/07/2014,67.6399,67.9814,66.5771,66.6771,17322207
03/07/2014,67.1656,67.5171,66.9814,67.4785,11359495
07/07/2014,67.4428,67.4614,65.7142,65.8028,18339230
08/07/2014,65.6642,65.8571,62.7544,63.5785,26200958
09/07/2014,63.7399,64.1914,62.8185,63.2857,21016002
10/07/2014,62.0559,63.4556,61.1714,62.6499,24397541
11/07/2014,63.0657,63.4471,62.45,62.8514,14237132
14/07/2014,63.3285,65.0685,62.7142,64.6542,17439100
15/07/2014,64.3842,64.4813,63.1814,64.1557,13519471
16/07/2014,64.8671,65.0999,63.3428,63.4914,13452124
17/07/2014,63.3257,64.1214,62.6128,62.7657,13276389
18/07/2014,62.9728,63.4714,62.2492,63.4528,11772201
21/07/2014,64.5271,65.3571,63.9457,64.5642,34670965
22/07/2014,63.2828,63.5242,60.723,61.5842,57177918
23/07/2014,61.4871,62.2014,60.9299,61.1285,17278065
24/07/2014,61.3528,61.4584,59.8599,60.7685,18638704
25/07/2014,60.7142,61.1671,60.0571,60.2657,11616017
28/07/2014,60.3157,60.8442,59.7885,60.6657,11960907
29/07/2014,60.4585,61.1985,60.4585,60.6114,9287369
30/07/2014,60.6785,62.1842,60.6157,62.0514,15306193
31/07/2014,61.4657,61.8528,60.1842,60.3885,13827009
01/08/2014,60.2514,61.1037,58.9299,60.7714,18949987
04/08/2014,61.0285,61.4285,60.1114,60.3857,10694607
05/08/2014,60.1857,61.1428,60.0442,60.4071,10665487
06/08/2014,60.1428,62.1285,60.0785,61.4714,15840573
07/08/2014,62.1857,64.2785,62.0785,64.2385,27334916
08/08/2014,64.3142,64.4242,63.1499,63.6928,15506120
11/08/2014,64.1742,65.3785,64.1014,64.5056,13253779
12/08/2014,64.4785,64.7142,63.3442,63.7728,10849524
13/08/2014,64.0857,64.8878,63.8314,64.5042,9051903
14/08/2014,64.6014,64.9999,64.0314,64.4099,6676369
15/08/2014,64.4985,65.9999,64.0857,65.5842,22053577
18/08/2014,66.0085,67.0714,65.8928,66.5714,13522061
19/08/2014,66.7271,67.2142,66.0614,66.8785,10907015
20/08/2014,66.7142,67.6785,66.3629,67.4556,12170830
21/08/2014,67.3256,68.0214,66.8101,67.4356,11753280
22/08/2014,67.2771,68.507,67.1499,68.4556,13746516
25/08/2014,68.7928,69.3285,68.2185,68.7042,13503882
26/08/2014,68.3571,68.8356,67.7929,68.4799,10158379
27/08/2014,68.4856,68.6064,67.6614,67.8142,10394909
28/08/2014,67.5214,68.2114,67.2585,67.8871,7601867
29/08/2014,68.1214,68.6428,67.7342,68.2342,9839410
02/09/2014,68.3571,68.3985,67.7985,68.0856,8834532
03/09/2014,68.6456,69.6571,68.0756,68.1985,16227498
04/09/2014,68.4442,68.8128,67.4471,67.5242,11962335
05/09/2014,67.6042,68.1928,67.1528,67.9542,11953340
08/09/2014,67.7714,68.6571,67.7428,68.4756,7675514
09/09/2014,69.4714,69.898,68.0571,68.4299,19755036
10/09/2014,68.5999,69.2499,68.148,69.1985,9110731
11/09/2014,68.9385,69.1942,68.5242,68.7942,7869988
12/09/2014,69.0928,69.2699,68.0171,68.0785,13432153
15/09/2014,68.2199,68.2199,65.2642,65.3928,20616771
16/09/2014,64.0571,65.4485,63.6571,65.2728,26844013
17/09/2014,65.2728,65.5521,64.4699,64.9328,12135655
18/09/2014,65.3528,65.9085,64.7599,65.5728,10631341
19/09/2014,65.8571,65.9042,64.8814,65.3599,11962755
22/09/2014,65.1814,65.2785,62.6971,63.2542,16176874
23/09/2014,63.0328,64.0014,62.9285,63.4142,11474295
24/09/2014,63.4942,64.5228,63.2199,64.3656,9556603
25/09/2014,64.2714,64.6214,63.2028,63.3557,9853270
26/09/2014,63.5714,64.3771,63.4128,64.1071,10404695
29/09/2014,63.4385,64.3628,63.1457,64.2228,9517529
30/09/2014,64.6142,65.3127,64.2571,64.4542,12478207
01/10/2014,64.0985,64.2857,62.4699,62.6857,15421658
02/10/2014,62.6999,64.3556,62.5542,64.2828,18453435
03/10/2014,64.7414,65.7999,64.6442,65.6485,15292396
06/10/2014,65.9999,66.7442,65.8571,66.2114,13711348
07/10/2014,65.8714,66.6114,65.1428,65.1785,13760117
08/10/2014,65.2356,66.7999,64.4834,66.6942,14344064
09/10/2014,66.6614,66.8556,65.6514,65.9456,14933275
10/10/2014,65.6856,66.4056,64.4914,64.5828,19122845
13/10/2014,64.4642,64.6385,61.8571,62.6542,20231323
14/10/2014,63.6442,64.5699,62.5899,64.1599,16759701
15/10/2014,63.4957,64.4256,61.4542,64.0842,59927574
16/10/2014,47.5328,52.3099,47.2857,51.6714,92304996
17/10/2014,51.4014,51.4385,48.7857,51.0128,79185463
20/10/2014,50.8571,52.7414,50.7931,51.3171,33538421
21/10/2014,51.7514,52.3985,50.7771,52.2842,19392527
22/10/2014,52.7128,54.5685,51.8857,53.5214,32175689
23/10/2014,54.3599,55.1099,54.0357,54.7199,19926837
24/10/2014,54.6542,55.2857,54.4014,55.0028,14662830
27/10/2014,54.8428,54.9285,53.8142,54.1999,14951363
28/10/2014,54.2499,55.2671,54.0499,55.1742,11750844
29/10/2014,55.1742,55.2396,53.9671,54.0142,12560058
30/10/2014,53.9299,54.6199,53.5142,54.1442,10593681
31/10/2014,54.9142,56.2528,54.8571,56.1099,20486739
03/11/2014,56.1757,56.5028,55.0157,55.4871,17608381
04/11/2014,55.2742,55.3214,54.1099,54.6828,11389833
05/11/2014,55.0871,55.4057,53.7702,54.3399,13645758
06/11/2014,53.9999,55.0471,53.9071,54.7571,9991933
07/11/2014,54.7771,55.0357,54.1857,54.8799,9303980
10/11/2014,54.7142,55.6357,54.1428,55.3242,9711317
11/11/2014,55.3242,56.2999,54.5442,54.6499,14849177
12/11/2014,54.4471,55.1371,53.8634,54.8371,10958724
13/11/2014,54.9228,55.0069,53.9321,54.2014,10490466
14/11/2014,54.1971,55.3171,54.0807,55.1485,10988621
17/11/2014,55.0542,55.6428,54.3928,54.4485,9225643
18/11/2014,54.4285,54.9857,54.3614,54.4328,7927178
19/11/2014,54.7442,55.2928,51.8085,51.8714,24515421
20/11/2014,51.8699,53.3228,51.5714,52.5914,15425431
21/11/2014,53.2114,53.3214,51.3571,51.4685,17877783
24/11/2014,51.5085,51.9226,50.7714,50.9242,17863909
25/11/2014,50.1457,50.3476,49.1428,49.8557,28100842
26/11/2014,50.1542,50.5271,49.7454,50.1657,10065321
28/11/2014,50.5128,50.5714,49.4271,49.5128,6702255
01/12/2014,49.2857,49.5714,48.2343,48.83,11964673
02/12/2014,48.7571,50.4771,48.6914,50.3299,14271698
03/12/2014,50.2214,50.7314,49.1814,50.7314,13831902
04/12/2014,50.4285,51.1357,49.9085,50.0857,11864713
05/12/2014,50.1471,50.6428,49.7328,50.1314,9929871
08/12/2014,49.8814,49.9828,48.29,48.4971,13628643
09/12/2014,47.82,49.3371,47.0028,49.1114,17994368
10/12/2014,49.0214,49.2471,47.6657,47.76,12674977
11/12/2014,48.0128,48.7,47.6557,47.8042,11771424
12/12/2014,47.4171,48.3228,46.98,47.7828,13574519
15/12/2014,48.0557,48.4185,46.6185,46.72,12025545
16/12/2014,46.4271,47.07,45.1428,45.2057,16981174
17/12/2014,45.3757,47.8671,45.0772,47.6642,20193047
18/12/2014,48.4,48.9285,47.2328,47.7742,15639365
19/12/2014,47.9,48.72,47.6214,48.5885,15048061
22/12/2014,48.5428,49.24,47.7485,48.0971,8007650
23/12/2014,48.2871,48.4278,47.4728,48.0614,8307964
24/12/2014,48.0728,49.07,47.9985,48.8714,5412407
26/12/2014,48.8442,49.4842,48.5342,48.5785,8847447
29/12/2014,47.97,49.1042,47.6528,48.8471,8608586
30/12/2014,48.7142,49.14,48.5388,49.0328,7011221
31/12/2014,49.0328,49.3914,48.7871,48.8014,8627773
02/01/2015,49.1514,50.3314,48.7314,49.8485,13474825
05/01/2015,49.2585,49.2585,47.1472,47.3114,18165021
06/01/2015,47.3471,47.64,45.6614,46.5014,16037952
07/01/2015,47.3471,47.4214,46.2714,46.7428,9850022
08/01/2015,47.12,47.8357,46.4785,47.7792,9624209
09/01/2015,47.6314,48.02,46.8985,47.0414,9577960
12/01/2015,47.09,47.1985,45.2642,45.5471,12944610
13/01/2015,46.0214,47.0482,45.9,46.2557,18729256
14/01/2015,47.0714,47.37,45.68,46.32,19884599
15/01/2015,46.5471,46.7857,45.8442,46.2514,11678688
16/01/2015,46.8571,48.25,46.3814,48.1914,19696474
20/01/2015,48.5714,49.9999,47.7142,49.8285,40551287
21/01/2015,59.2342,59.2399,57.4099,58.4685,66902766
22/01/2015,58.5714,61.3742,57.8285,61.2057,33319398
23/01/2015,60.9885,62.7428,60.8814,62.4935,26784352
26/01/2015,62.5714,63.8985,61.9571,63.7942,21269045
27/01/2015,63.0871,65.3399,63.0499,64.8814,24612553
28/01/2015,64.7414,64.8214,63.0814,63.2085,24532858
29/01/2015,63.2042,63.9271,62.4999,63.3999,15127938
30/01/2015,63.1328,63.9842,62.6557,63.1142,13215601
02/02/2015,62.8428,63.4285,61.9557,63.0092,12990789
03/02/2015,63.3199,65.4671,62.7299,65.2742,16439913
04/02/2015,65.0414,65.1742,63.8892,64.1014,12450942
05/02/2015,64.5414,65.1385,63.6657,64.1299,14248724
06/02/2015,64.2499,64.4285,63.1757,63.4799,8898260
09/02/2015,63.1985,63.7857,62.6371,63.2949,8179332
10/02/2015,63.4599,65.1576,63.1014,64.8499,15418879
11/02/2015,64.8299,66.1414,64.5571,64.9842,13953296
12/02/2015,65.0585,65.6071,64.4514,65.2471,8471939
13/02/2015,65.4285,66.6299,65.4228,66.5856,12968746
17/02/2015,66.5156,67.3714,65.9442,67.1371,11170404
18/02/2015,67.0228,68.0699,66.6456,67.8656,10316831
19/02/2015,67.8571,68.7142,67.5742,67.7999,10438554
20/02/2015,67.9499,68.3744,67.6371,68.3142,9421846
23/02/2015,68.2999,68.3142,67.1428,67.4056,9031701
24/02/2015,67.3728,68.0835,67.3556,67.8399,6075202
25/02/2015,67.8071,68.7942,67.8071,68.3328,6859867
26/02/2015,68.6256,69.4998,68.4299,69.0042,10852884
27/02/2015,69.0814,69.4285,67.8185,67.8442,11516694
02/03/2015,67.7142,68.6071,67.2342,68.6071,10186925
03/03/2015,68.3442,68.4564,67.5071,67.8156,7426608
04/03/2015,67.5299,67.9256,66.1828,67.1099,17453779
05/03/2015,67.4285,67.4641,66.4199,66.8071,11248986
06/03/2015,66.6428,66.9258,64.8442,64.8742,12888540
09/03/2015,64.9899,65.0928,62.8285,63.6614,18970931
10/03/2015,63.0157,63.3514,61.9828,62.1514,17947034
11/03/2015,62.2399,63.9405,62.2399,62.8842,16363417
12/03/2015,63.3471,64.5828,63.3399,64.0457,14654647
13/03/2015,63.9071,64.0571,62.3671,62.6285,10160997
16/03/2015,61.5471,61.5471,59.6199,60.2814,26796119
17/03/2015,59.7128,60.6942,59.3842,59.7885,18428130
18/03/2015,59.7385,60.6499,59.2999,60.4457,14634935
19/03/2015,60.4599,61.2119,60.2557,60.7442,11449823
20/03/2015,61.3371,61.7857,60.8957,61.1849,13641838
23/03/2015,60.8899,61.1557,60.3301,60.7142,7664104
24/03/2015,61.1357,63.0985,61.1188,62.6114,16888746
25/03/2015,62.6842,62.6914,60.2442,60.2499,21652386
26/03/2015,59.6285,60.4471,59.3899,59.7514,16038785
27/03/2015,59.3299,59.8471,58.5728,59.2528,15851934
30/03/2015,59.7157,60.5642,59.3642,60.3671,13272378
31/03/2015,60.1099,60.4199,59.4557,59.5271,14248605
01/04/2015,59.6428,59.7857,58.7028,59.0171,14639744
02/04/2015,59.0714,59.6071,58.8614,59.1542,9864211
06/04/2015,58.7685,60.4471,58.4642,60.3299,10730328
07/04/2015,60.4971,60.8485,60.0428,60.4942,9977716
08/04/2015,61.2014,63.1071,61.1845,63.0499,22327697
09/04/2015,62.9999,63.1357,62.1142,62.7857,13455540
10/04/2015,64.3971,64.9956,63.9471,64.9385,22367093
13/04/2015,67.2399,69.2856,67.0571,67.8114,44436945
14/04/2015,68.8571,69.1428,67.4214,68.3871,28642138
15/04/2015,68.7042,68.7042,67.3639,67.9228,42528619
16/04/2015,75.9999,81.2499,75.7142,80.2928,104500746
17/04/2015,79.7785,82.1428,79.7142,81.6499,58306367
20/04/2015,81.7856,82.3042,80.3813,81.0556,30766400
21/04/2015,81.2342,81.4842,79.7999,80.0628,15925574
22/04/2015,80.2113,80.7128,79.5442,79.6685,12089511
23/04/2015,79.6556,80.3428,78.9556,79.8656,12687283
24/04/2015,80.1728,80.8085,79.5071,79.7706,11045237
27/04/2015,80.2928,81.7856,80.2299,80.8685,15247001
28/04/2015,80.5899,81.2785,79.9442,80.4371,8826475
29/04/2015,80.0699,81.0556,79.6442,80.4071,9540468
30/04/2015,80.2371,80.8356,79.1242,79.4999,10565254
01/05/2015,79.8556,79.9671,78.8942,79.5756,8906086
04/05/2015,79.5713,79.7142,78.8999,79.2713,7967085
05/05/2015,81.2385,82.4428,80.7571,80.7928,27116285
06/05/2015,81.0285,81.2142,79.5213,80.0771,11504507
07/05/2015,80.1142,80.7942,79.4571,80.7485,10220595
08/05/2015,81.0413,82.1528,80.9642,82.0856,13828248
11/05/2015,82.3242,84.8571,82.1856,84.2778,23882383
12/05/2015,83.8085,83.8085,82.9928,83.3771,11906972
13/05/2015,83.4042,84.1971,82.6913,82.8728,11155725
14/05/2015,83.2856,83.9242,82.3299,83.8356,8898659
15/05/2015,86.3642,88.3483,85.7556,87.6071,37053009
18/05/2015,87.5442,88.5341,87.0242,88.2671,14811944
19/05/2015,88.8885,89.7856,87.8099,88.0685,19101306
20/05/2015,88.2142,89.1085,87.3628,88.7899,12757129
21/05/2015,89.0813,89.5713,88.1813,89.0028,12767020
22/05/2015,89.1785,89.4071,88.6928,88.8385,7466039
26/05/2015,88.8742,89.0612,87.7862,87.9928,9645720
27/05/2015,88.1428,89.9071,87.9285,89.8571,10506412
28/05/2015,89.7142,89.8556,88.9299,89.5071,7821541
29/05/2015,89.4728,90.2056,88.9556,89.1513,12712014
01/06/2015,88.8371,89.1216,87.9442,89.0028,9925832
02/06/2015,88.7113,89.6785,88.4056,89.1299,7528927
03/06/2015,89.2428,89.7328,88.6442,88.8085,6237994
04/06/2015,88.3785,89.4285,88.0428,89.3485,10074379
05/06/2015,89.2142,90.5399,89.1256,90.4599,11624347
08/06/2015,90.7142,90.8156,88.9956,89.6042,11148914
09/06/2015,89.3342,92.7142,89.3342,92.4499,22025080
10/06/2015,93.3956,98.9699,93.2256,95.8713,57121379
11/06/2015,96.8899,96.9185,94.087,95.0942,26623387
12/06/2015,94.9156,95.3428,94.1242,94.4185,10278821
15/06/2015,92.8571,93.5913,91.6585,93.4313,19053951
16/06/2015,94.2428,95.607,93.6913,95.2728,16043020
17/06/2015,95.1328,95.1328,93.9573,94.2713,9905119
18/06/2015,94.6513,95.3413,94.3685,94.7428,8963122
19/06/2015,96.2428,96.4178,93.8213,93.8713,19814802
22/06/2015,95.0428,96.6928,94.1885,96.4142,16732905
23/06/2015,96.3356,97.3899,95.7499,97.3128,15626436
24/06/2015,100.0142,100.8913,96.397,96.9442,77138796
25/06/2015,95.4813,95.9999,93.4585,94.8913,41623204
26/06/2015,95.2999,95.3142,93.0885,93.0885,30314697
29/06/2015,91.5056,92.9128,91.1171,92.2313,24575887
30/06/2015,93.357,94.3556,92.7856,93.8485,16880458
01/07/2015,94.8056,95.2385,93.2185,93.6356,14699419
02/07/2015,93.9985,94.1985,93.2142,94.0442,11053231
06/07/2015,93.4728,94.9285,93.3399,94.5713,11808384
07/07/2015,95.0128,95.427,92.6228,94.0913,21573272
08/07/2015,93.4713,93.9956,92.2842,93.507,12990691
09/07/2015,94.8999,95.8456,94.2856,95.727,16731316
10/07/2015,97.5228,98.5027,96.8999,97.2285,21636594
13/07/2015,98.0985,102.3085,98.0787,101.087,33205011
14/07/2015,101.2713,101.6356,99.6528,100.3713,19736437
15/07/2015,99.97,100.75,97.05,98.13,30898594
16/07/2015,111.02,116.49,107.68,115.81,63460992
17/07/2015,117.34,117.88,114.24,114.77,25136948
20/07/2015,114.7,114.7,110.14,110.55,22676913
21/07/2015,110.21,113.71,109.32,112.51,14085422
22/07/2015,112.14,113.88,110.5608,111.5,10500548
23/07/2015,110.91,112.18,109.84,110.1,8306774
24/07/2015,111.55,111.68,108.9,109.34,8125065
27/07/2015,107.79,109.86,106.25,106.43,11302624
28/07/2015,107.29,107.94,103.88,106.9,11155945
29/07/2015,106.83,107.75,105.4,107.08,6695640
30/07/2015,106.4,111.9,105.4,111.56,14229196
31/07/2015,111.95,115,111.15,114.31,16349071
03/08/2015,114.6,114.6,111.78,112.56,10144817
04/08/2015,113.15,122.79,113,121.15,29653323
05/08/2015,125.62,129.29,122.705,123.71,26946486
06/08/2015,126.29,128.85,122.04,126.45,24716746
07/08/2015,126.42,126.6,121.3,123.52,17360669
10/08/2015,126.09,126.5,121.51,123.03,13424574
11/08/2015,120.01,123.76,120,122.74,11596811
12/08/2015,121.47,122.45,118.66,120.51,13881612
13/08/2015,120.99,125.73,119.34,123.73,15284397
14/08/2015,124.96,125,123,123.39,8667683
17/08/2015,123.14,125.7,122.59,125.36,9233848
18/08/2015,125.26,126.749,123.55,124.05,9381994
19/08/2015,123.5,123.7,121.5,122.06,10115271
20/08/2015,119.8,121.45,111.34,112.49,28045318
21/08/2015,106.2,110,102.751,103.96,33228296
24/08/2015,88.75,109.63,85.5,96.88,59951948
25/08/2015,107.75,107.88,101.5,101.52,37620719
26/08/2015,107.15,110.28,102.02,110.13,36164638
27/08/2015,114.94,118.25,113.02,117.66,37056071
28/08/2015,116.46,119.35,115.88,117.63,20240237
31/08/2015,115.24,117,113.76,115.03,17005581
01/09/2015,109.36,111.24,103.82,105.79,35977081
02/09/2015,109.31,109.5,100.3,105.44,39843254
03/09/2015,102.69,104.17,100.11,101.06,29546652
04/09/2015,98.05,99.928,97.34,98.79,24211978
08/09/2015,102.08,102.5,93.55,94.95,43479650
09/09/2015,96.51,102.79,95.52,99.18,35524441
10/09/2015,99.42,100.85,96.78,99.48,21031866
11/09/2015,98.57,100.85,97.23,97.51,17373920
14/09/2015,96.84,97.91,94.33,95.69,15545991
15/09/2015,95.22,99.65,93.61,99.16,22591084
16/09/2015,99.7,104.48,99.33,104.08,28058216
17/09/2015,103.67,107.5,101.83,104.21,25817651
18/09/2015,102,104.36,100.71,102.62,21715034
21/09/2015,103.3,103.77,99.5568,100.3,17900624
22/09/2015,98.29,99.9,97,98.47,16717919
23/09/2015,98.6,99.74,97.66,98.07,10264540
24/09/2015,97.11,104,96.78,103.76,21274471
25/09/2015,105.3,105.4487,101.57,102.24,19066632
28/09/2015,101.57,103.3275,97.8414,99.47,17026639
29/09/2015,99.63,100.63,96.85,98.35,17405941
30/09/2015,99.91,103.46,99.05,103.26,17027579
01/10/2015,102.91,106.11,101.12,105.98,17426948
02/10/2015,103.01,106.87,101.45,106.11,21526717
05/10/2015,107.48,112.28,105.76,111.25,21157937
06/10/2015,110.33,112.25,105.64,108.33,20836303
07/10/2015,108.84,109.78,106.75,108.1,12329535
08/10/2015,107.94,115.05,102.6,114.93,42831944
09/10/2015,114.11,115.83,112.44,113.33,22455205
12/10/2015,114.45,115.42,112.36,113.45,12624497
13/10/2015,112.85,113.72,108.78,109.73,17512118
14/10/2015,111.5,111.63,108.05,110.23,33231481
15/10/2015,103.77,104.88,99.1,101.09,48484328
16/10/2015,100.21,101.65,98.41,98.99,21340511
19/10/2015,98.07,103.62,96.26,101.69,29964714
20/10/2015,101.06,102.11,97.58,98.99,17345614
21/10/2015,99.67,100.34,97.01,97.96,13759583
22/10/2015,98.07,99.93,96.86,97.32,12786768
23/10/2015,97.61,101.56,97.27,100.04,18019886
26/10/2015,100.05,103.31,99.38,103.04,12234824
27/10/2015,102.58,104.72,101.23,103.07,12066402
28/10/2015,102.9,106.21,102.06,105.8,13093962
29/10/2015,105,106.91,104.75,105.12,9841406
30/10/2015,105.12,110.1,104.9,108.38,15571468
02/11/2015,109.2,109.37,106.3,107.64,11784573
03/11/2015,107.36,111.05,107.24,109.74,12484136
04/11/2015,110.36,114.28,109.39,114.05,17505023
05/11/2015,113.75,115.68,111.72,113.5,13814939
06/11/2015,113.39,114.8,112.05,114.06,10936608
09/11/2015,113.36,114,108.64,109.86,16154632
10/11/2015,108.86,112.84,108.01,112.7,11166372
11/11/2015,113.08,114.61,111.41,112.86,11039154
12/11/2015,112.52,115.25,108.2,108.92,17568163
13/11/2015,108.34,109.07,103.27,103.65,18819418
16/11/2015,102.97,111.65,101.86,111.35,19866161
17/11/2015,112.11,118.79,111.7,117.1,33016302
18/11/2015,117.94,121,116.1,120.63,23353565
19/11/2015,120.25,123.13,119.61,120.22,19253236
20/11/2015,120.85,124.07,119.21,123.84,17977001
23/11/2015,124.3,126.2,121.66,125.03,15726984
24/11/2015,123.67,124.66,120.03,123.31,18335255
25/11/2015,124.23,125.2,122.36,124.16,10980677
27/11/2015,123.85,126.39,123.59,125.44,6645484
30/11/2015,126.03,126.6,122.89,123.33,13894031
01/12/2015,124.47,125.57,122.42,125.37,12550755
02/12/2015,125.53,131.35,124.93,128.93,24105712
03/12/2015,129.62,132.2,126.39,126.81,26647260
04/12/2015,127,130.99,125.75,130.93,20250411
07/12/2015,131.19,133.27,122.75,125.36,23351610
08/12/2015,121.51,128.24,121.1,126.98,18591147
09/12/2015,127.7,128.78,122.33,124.2,17788797
10/12/2015,124.5,125.21,121.62,122.91,13474119
11/12/2015,121.45,123,118.6,118.91,16105315
14/12/2015,119.77,120.9,114.66,120.67,18735608
15/12/2015,121.93,123.3,118.54,118.6,11759993
16/12/2015,119.8,123,118.09,122.64,13180982
17/12/2015,123.97,126.35,122.42,122.51,17284872
18/12/2015,120.85,122.19,117.92,118.02,17948060
21/12/2015,119.51,119.59,115.66,116.63,11669993
22/12/2015,117.3,117.43,114.86,116.24,9689044
23/12/2015,116.91,118.56,115.78,118.16,9324333
24/12/2015,118.22,118.8,117.3,117.33,3541403
28/12/2015,117.26,117.35,113.85,117.11,8424276
29/12/2015,118.19,119.6,116.92,119.12,8159211
30/12/2015,118.95,119.02,116.43,116.71,8149686
31/12/2015,116.21,117.46,114.28,114.38,9273008
04/01/2016,109,110,105.21,109.96,20794848
05/01/2016,110.45,110.58,105.85,107.66,17664562
06/01/2016,105.29,117.91,104.96,117.68,33045656
07/01/2016,116.36,122.18,112.29,114.56,33636661
08/01/2016,116.33,117.72,111.1,111.39,18067140
11/01/2016,112.13,116.79,111.2,114.97,21920390
12/01/2016,116.11,117.78,115.08,116.58,15133522
13/01/2016,114.43,114.48,104.53,106.56,24921587
14/01/2016,105.65,109.25,101.21,107.06,23664784
15/01/2016,102.43,105.5,101.72,104.04,19775141
19/01/2016,106.57,110.14,105.55,107.89,35722752
20/01/2016,108.91,109.99,97.0501,107.74,53009419
21/01/2016,108.32,108.51,102.1,102.35,31027503
22/01/2016,104.7225,104.99,99.22,100.72,26821771
25/01/2016,99.78,102.68,99,99.12,20321102
26/01/2016,99.74,100.55,94.85,97.83,22083897
27/01/2016,96.61,97.8495,90.59,91.15,25556187
28/01/2016,93.84,95.25,90.11,94.41,24562311
29/01/2016,92,94.39,90.63,91.84,20463895
01/02/2016,91.79,97.18,91.3,94.09,19684477
02/02/2016,95.54,96.65,90.73,91.49,21906495
03/02/2016,92.41,92.69,86.14,90.74,27466034
04/02/2016,89.5,91.25,86.54,89.71,19108600
05/02/2016,88.23,88.95,81.86,82.79,25929257
08/02/2016,80.57,84.7,79.95,83.32,25035634
09/02/2016,81.75,88.4,81.55,86.13,25892874
10/02/2016,89,92.21,87.42,88.45,23146517
11/02/2016,87.42,88.39,82.911,86.35,21820321
12/02/2016,86.64,89.72,85.26,87.4,19067683
16/02/2016,89,90.14,87.54,89.05,16356604
17/02/2016,90.13,94.77,89.64,94.76,18323834
18/02/2016,94.8,94.9,90.31,90.49,17695324
19/02/2016,89.98,91.4,88.03,89.23,14259205
22/02/2016,90.75,93.11,88.3,91.93,16321822
23/02/2016,91.4,92.49,89.05,89.12,12744428
24/02/2016,88.5,91.76,86.7,91.61,15972819
25/02/2016,91.08,94.81,90.21,94.53,17898777
26/02/2016,95.3,97.48,94.25,94.79,16975151
29/02/2016,94.81,97.2,93.34,93.41,13663080
01/03/2016,94.58,99.16,93.61,98.3,17048790
02/03/2016,98.01,99.48,95.9,97.61,19102849
03/03/2016,97.83,98.35,95.39,97.93,15320921
04/03/2016,98.76,102.22,98.32,101.58,23414622
07/03/2016,101,101.79,95.25,95.49,23906672
08/03/2016,95,98.28,94.5,96.23,14796968
09/03/2016,96.82,98.37,95,98,12298660
10/03/2016,98.18,99.74,95.45,97.36,17002063
11/03/2016,99.51,99.6,96.05,97.66,15114299
14/03/2016,97.2,99.42,97.17,98.13,11251874
15/03/2016,97.87,98.51,96.43,97.86,9691768
16/03/2016,97.53,99.73,97.5,99.35,12630530
17/03/2016,99.05,101.39,99,99.72,13824964
18/03/2016,100.5,102.41,100.01,101.12,15453454
21/03/2016,101.15,102.1,99.5,101.06,9578466
22/03/2016,100.48,101.52,99.2,99.84,9069905
23/03/2016,99.75,100.39,98.81,99.59,8313480
24/03/2016,98.64,98.85,97.07,98.36,10671139
28/03/2016,98.34,101.44,97.82,101.21,12432217
29/03/2016,101.08,104.33,101,104.13,16008868
30/03/2016,104.65,104.91,101.4805,102.19,14704994
31/03/2016,102.43,103.53,101.05,102.23,9747539
01/04/2016,102.93,105.79,102.47,105.7,14182359
04/04/2016,105.9,105.92,103.2,104.35,10940426
05/04/2016,103.47,105.75,103.25,104.94,10060916
06/04/2016,105.3,106.44,104.25,104.83,9605800
07/04/2016,104.31,106.435,103.6,104.45,10774911
08/04/2016,105.12,105.326,102.82,103.81,7857592
11/04/2016,104.04,104.98,102.62,102.68,7451315
12/04/2016,103.15,107.22,102.21,106.98,12436982
13/04/2016,108,111.28,107.88,109.65,16701709
14/04/2016,110.01,111.64,109.15,110.42,9553688
15/04/2016,110.64,111.85,109.7803,111.51,11746065
18/04/2016,109.9,110.7,106.02,108.4,32816416
19/04/2016,99.49,101.37,94.2,94.34,55728765
20/04/2016,94.34,96.98,93.14,96.77,26613506
21/04/2016,97.31,97.38,94.78,94.98,19919415
22/04/2016,94.847,96.69,94.21,95.9,15806320
25/04/2016,95.7,95.7461,92.8,93.56,14985382
26/04/2016,93.5,93.55,91.25,92.43,15330856
27/04/2016,92.18,92.5,90.21,91.04,12218929
28/04/2016,91.5,92.67,90.09,90.28,11474907
29/04/2016,90.5,90.56,88.21,90.03,13968018
02/05/2016,90.41,93.22,89.8901,93.11,12547005
03/05/2016,92.08,93.25,91.3,91.54,10593880
04/05/2016,91,92.16,90.35,90.79,7394742
05/05/2016,90.91,92.0775,89.25,89.37,10368491
06/05/2016,88.83,90.88,88.11,90.84,10433936
09/05/2016,90.73,91.828,89.9,90.54,9543705
10/05/2016,91.14,93.25,91.09,92.89,11175913
11/05/2016,92.4,92.59,89.9,90.02,11692864
12/05/2016,90.32,90.41,85.74,87.74,20408118
13/05/2016,87.39,88.59,86.26,87.88,11571389
16/05/2016,87.56,90,86.15,89.12,11247812
17/05/2016,89,90.87,88.172,88.63,11571267
18/05/2016,88.25,91.72,88.25,90.5,13911836
19/05/2016,90.16,91.27,88.3,89.55,11450323
20/05/2016,90.08,93.28,89.98,92.49,15063042
23/05/2016,92.98,95.2924,92.85,94.89,13992330
24/05/2016,95.98,99.14,95.75,97.89,21246023
25/05/2016,99,100.31,98.3,100.2,15211295
26/05/2016,103.21,104,101.38,102.81,17824673
27/05/2016,102.44,103.5,101.44,103.3,9092127
31/05/2016,102.95,103.45,102.13,102.57,8725656
01/06/2016,101.5,101.92,100.16,101.51,8393380
02/06/2016,101.39,102.15,100.77,101.25,7992448
03/06/2016,100.99,101,98.53,99.59,9223994
06/06/2016,100.29,101.0712,99.72,100.74,6828128
07/06/2016,101.2,101.63,99.77,99.89,6474742
08/06/2016,100.02,100.28,97.6,97.86,9423938
09/06/2016,97.22,98.433,96.664,97.09,8923803
10/06/2016,94.88,95.35,93.28,93.75,12907900
13/06/2016,95.02,97.2,93.62,93.85,13484345
14/06/2016,94.16,95.8,93.27,94.12,9480388
15/06/2016,94.61,95.46,93.5,94.29,7675449
16/06/2016,94.18,95.56,93.2474,95.44,7550774
17/06/2016,95.75,95.77,94.2,94.45,8046841
20/06/2016,95.22,95.88,93.65,93.8,9026376
21/06/2016,93.87,93.88,90.77,90.99,15199727
22/06/2016,90.78,91.98,89.77,90.01,9454685
23/06/2016,90.62,91.68,88.15,91.66,10819033
24/06/2016,87.53,90.49,87.21,88.44,11248582
27/06/2016,87.88,88,84.81,85.33,13775706
28/06/2016,87.41,88.88,86.41,87.97,11545631
29/06/2016,89.67,91.97,88.7,91.06,11687079
30/06/2016,90.91,91.7201,89.9,91.48,9098971
01/07/2016,95,97,94.8,96.67,16167210
05/07/2016,95.2,101.27,93.31,97.91,25879367
06/07/2016,95.03,96,93.55,94.6,16301211
07/07/2016,94.7,95.38,93.18,95.1,9913509
08/07/2016,96,97.41,95.3,97.06,8335375
11/07/2016,96.19,96.869,94.3,94.67,13276161
12/07/2016,95.07,96.72,94.09,95.97,11617410
13/07/2016,96.26,96.72,94.8,96.43,8768863
14/07/2016,97,98.27,96.8,98.02,9885009
15/07/2016,98.52,98.7,97.41,98.39,9041865
18/07/2016,98.43,99.84,97.24,98.81,28669659
19/07/2016,85.43,86.75,84.5,85.84,55681209
20/07/2016,86.67,88.49,85.82,87.91,23525141
21/07/2016,88.3,88.38,85.21,85.99,16083996
22/07/2016,86.48,86.5,85.11,85.89,11363917
25/07/2016,85.73,87.87,85.01,87.66,14135027
26/07/2016,91.03,93.1,90.9,91.41,19577623
27/07/2016,91.5,92.06,90.1,92.04,8727517
28/07/2016,91.92,92.21,90.68,91.65,6227698
29/07/2016,91.19,91.749,90.59,91.25,6960222
01/08/2016,91.23,94.67,90.5,94.37,10666945
02/08/2016,94,94.08,92.18,93.56,9836233
03/08/2016,93.28,94.67,92.55,93.1,7030916
04/08/2016,93.2,93.7319,91.82,93.44,6043394
05/08/2016,93.77,97.74,93.56,97.03,18364801
08/08/2016,95.91,95.93,94,95.11,10135401
09/08/2016,95.12,95.81,93.48,93.99,9175413
10/08/2016,94.4,94.75,92.95,93.93,6511142
11/08/2016,94.6,96.33,94.37,95.89,8547659
12/08/2016,95.53,96.83,95.08,96.59,6592923
15/08/2016,96.83,96.91,95.24,95.31,7304620
16/08/2016,95.19,95.61,94.4,95.12,6311339
17/08/2016,94.94,96.93,94.85,96.37,8315615
18/08/2016,95.98,97.2168,95.17,96.16,7252629
19/08/2016,96.05,96.78,95.51,95.87,6942892
22/08/2016,95.67,96.13,94.95,95.26,5830548
23/08/2016,95.68,96.59,95.48,95.94,5239106
24/08/2016,96.13,96.36,94.91,95.18,6276468
25/08/2016,96.38,98.245,96.04,97.32,10823055
26/08/2016,97.33,97.95,96.57,97.58,6617636
29/08/2016,96.97,98.4497,96.57,97.3,8008430
30/08/2016,97.84,98.85,97.14,97.45,6093536
31/08/2016,97.48,97.88,96.76,97.45,4690614
01/09/2016,97.81,97.98,96.916,97.38,4148621
02/09/2016,97.9,98.18,97.01,97.38,4247182
06/09/2016,97.76,100.32,97.649,100.09,9036092
07/09/2016,100.11,100.19,98.42,99.15,6468512
08/09/2016,99.23,100.05,98.82,99.66,5201208
09/09/2016,99.06,99.39,96.5,96.5,7373319
12/09/2016,95.91,99.29,95.71,99.05,7718351
13/09/2016,97.17,98,95.33,96.09,11788078
14/09/2016,97.35,98.35,96.96,97.01,8528450
15/09/2016,97.23,97.97,96.53,97.34,5299930
16/09/2016,97.1,99.49,97.04,99.48,9445109
19/09/2016,99.9,100.35,97.82,98.06,8616183
20/09/2016,98.78,99.16,97.66,98.25,4736762
21/09/2016,96.9,97.1,93.26,94.88,20042236
22/09/2016,95.54,95.88,94.23,95.83,11214973
23/09/2016,95.75,96.97,95.43,95.94,6179471
26/09/2016,95.38,95.38,94.04,94.56,6739188
27/09/2016,95.04,97.64,95,97.07,9680100
28/09/2016,97.1,97.59,96.02,97.48,7235109
29/09/2016,97.31,98.31,96.6,96.67,6217636
30/09/2016,96.9,99.53,96.79,98.55,9807925
03/10/2016,98,103.39,98,102.63,15344490
04/10/2016,103.19,104.44,101.86,102.34,12143104
05/10/2016,103.5,106.97,103.4301,106.28,12942880
06/10/2016,104.97,105.47,103.88,105.07,6587738
07/10/2016,103.98,106.5,103.5501,104.82,8659518
10/10/2016,103.18,104.53,102.76,103.33,6699653
11/10/2016,102.31,102.9,99.86,100.59,9032854
12/10/2016,100.88,102.47,99.22,99.5,7426504
13/10/2016,98.01,100.5,97.63,100.23,8319333
14/10/2016,101.59,102.099,100.35,101.47,9531056
17/10/2016,100.5,100.73,98.38,99.8,26589483
18/10/2016,116.63,119.82,116.5,118.79,42168221
19/10/2016,118.25,122.45,118,121.87,21981734
20/10/2016,121.97,123.75,121.06,123.35,14492827
21/10/2016,122.5,127.85,122.31,127.5,18832428
24/10/2016,127.42,129.29,126.15,127.33,15980674
25/10/2016,126.52,128.06,125.75,126.51,8253941
26/10/2016,126.29,128.72,125.75,126.97,8602407
27/10/2016,127.43,128.18,125.93,126.47,6914182
28/10/2016,126.08,128.93,126.0118,126.57,7077252
31/10/2016,126.85,126.9,124.4,124.87,6517512
01/11/2016,124.98,125.83,121.8,123.3,6978621
02/11/2016,122.83,124.07,121.83,122.34,4816526
03/11/2016,122.31,123.72,121.84,122.14,5041321
04/11/2016,122,123.43,121.62,122.03,5077719
07/11/2016,124.26,125.75,123.37,124.58,5827126
08/11/2016,124.12,125.81,123.22,124.34,4690756
09/11/2016,121.84,123.65,120.8611,122.19,7705673
10/11/2016,122.76,122.97,113.7,115.42,19718703
11/11/2016,114.9,116.63,113.11,114.78,11080251
14/11/2016,114.75,115.9,110.68,113.38,9932379
15/11/2016,114.55,116.41,113.091,113.59,7445094
16/11/2016,112.96,116.12,111.81,115.19,5933728
17/11/2016,115.13,116.81,113.56,115.03,6232744
18/11/2016,115.73,116.42,113.51,115.21,6746783
21/11/2016,116.2,118.72,116.19,117.96,7064528
22/11/2016,118.32,119.46,116.98,118.04,7007188
23/11/2016,117.76,118.89,117.31,117.69,4521314
25/11/2016,117.64,118.39,117.18,117.41,1616260
28/11/2016,117.05,117.62,115.71,116.93,5278861
29/11/2016,117.3,119.18,117.1316,117.51,7082264
30/11/2016,119,120.37,116.3913,117,7715103
01/12/2016,117.52,118.68,113.95,117.22,8636943
02/12/2016,116.75,120.98,116.75,120.81,8953590
05/12/2016,120.73,120.75,118.4,119.16,7626283
06/12/2016,120.1,124.79,119.42,124.57,11513209
07/12/2016,124.48,125.75,123.25,125.39,8204687
08/12/2016,125.4,126.35,122.16,123.24,8987712
09/12/2016,123.78,124.3,121.73,122.88,4700783
12/12/2016,122.84,124.03,122.3,122.83,3917605
13/12/2016,123.51,125.09,122.7809,123.78,5564509
14/12/2016,123.43,124.4,122.5,123.44,6110273
15/12/2016,123.44,127.43,122.95,125,7376184
16/12/2016,126.39,126.68,124.01,124.22,7867975
19/12/2016,124.3,126.44,122.87,125.45,4867276
20/12/2016,125.46,126.3,124.64,125.12,3937812
21/12/2016,125.53,127.7372,125,126.5,6514793
22/12/2016,126.84,127.5,125.18,125.58,4161410
23/12/2016,125.61,126.28,125.08,125.59,2010382
27/12/2016,126.24,129.05,125.7,128.35,5288164
28/12/2016,129.07,129.07,125.76,125.89,4389162
29/12/2016,125.95,126.14,124.2,125.33,3445056
30/12/2016,126.24,126.57,123.6,123.8,4455351
03/01/2017,124.96,128.19,124.31,127.49,9437856
04/01/2017,127.49,130.17,126.55,129.41,7843559
05/01/2017,129.22,132.75,128.9,131.81,10185516
06/01/2017,132.08,133.88,129.81,131.07,10657878
09/01/2017,131.48,131.99,129.89,130.95,5771835
10/01/2017,131.27,132.22,129.29,129.89,5985809
11/01/2017,130.91,131.5,129.2475,130.5,5615061
12/01/2017,130.63,130.85,128.5,129.18,5388880
13/01/2017,131.15,133.93,130.58,133.7,10515015
17/01/2017,135.04,135.4,132.09,132.89,12220202
18/01/2017,133.21,133.65,131.06,133.26,16168617
19/01/2017,142.01,143.46,138.25,138.41,23203441
20/01/2017,139.36,140.79,137.66,138.6,9497394
23/01/2017,138.65,139.49,137.31,137.39,7433896
24/01/2017,138.11,140.93,137.03,140.11,7754673
25/01/2017,140.8,141.39,139.05,139.52,7612888
26/01/2017,140.45,141.21,138.51,138.96,6038313
27/01/2017,139.46,142.49,139,142.45,8323866
30/01/2017,141.77,141.967,138.8,141.22,8122481
31/01/2017,140.55,141.83,139.7,140.71,4411631
01/02/2017,141.2,142.41,139.3,140.78,6033422
02/02/2017,140.61,141.04,139.05,139.2,3462370
03/02/2017,139.51,140.64,139.1,140.25,3512568
06/02/2017,140,141,139.16,140.97,3552066
07/02/2017,141.49,144.28,141.05,144,8573515
08/02/2017,143.57,145.07,142.56,144.74,6887050
09/02/2017,144.98,145.09,143.58,144.14,4555119
10/02/2017,144.68,145.2992,143.97,144.82,6171936
13/02/2017,145.19,145.95,143.05,143.2,4790435
14/02/2017,143.2,144.11,140.05,140.82,8367786
15/02/2017,140.72,142.43,140.51,142.27,5309050
16/02/2017,142.42,142.44,141.07,142.01,2847496
17/02/2017,141.75,142.9,141.27,142.22,4588073
21/02/2017,142.99,143.38,141.81,142.6,3571481
22/02/2017,142.92,144,142.17,143.86,3481968
23/02/2017,144.45,144.49,141.5196,142.78,4667978
24/02/2017,141.88,143.56,141.55,143.25,3302714
27/02/2017,143.12,143.92,142.38,143.41,3907377
28/02/2017,143.3,143.57,141.85,142.13,3862221
01/03/2017,142.84,143.26,142.1,142.65,4170649
02/03/2017,142.15,142.7,139.09,139.53,6119945
03/03/2017,139.69,140.91,138.26,139.14,5401104
06/03/2017,141,142.84,140.54,141.94,7116118
07/03/2017,141.99,142.4,140.38,141.43,4241037
08/03/2017,141.47,142.06,139.7704,140.32,4092550
09/03/2017,140.04,141.24,139.74,140.53,2652740
10/03/2017,141.39,141.8,140.28,140.89,3318464
13/03/2017,140.9,143.71,140.321,143.52,4922432
14/03/2017,142.95,143.31,141.7,143.19,4660294
15/03/2017,144.2,145.52,143.23,145.25,5987198
16/03/2017,145.5,146.5,144.22,144.39,5286456
17/03/2017,144.05,145.76,143.4,145.11,6281316
20/03/2017,145.45,146.25,144.58,145.83,3421046
21/03/2017,146.75,147.7,142.1,142.42,7669753
22/03/2017,142.545,143.8,140.76,142.65,6486893
23/03/2017,142.14,142.89,141.26,141.84,3712625
24/03/2017,142.36,142.8,141.58,142.02,3546599
27/03/2017,140.83,144.39,140,144.06,4771650
28/03/2017,144.1,146.11,143.92,145.17,4638003
29/03/2017,145.5,147.18,144.9089,146.47,3855031
30/03/2017,146.81,148.29,146.53,148.06,4461068
31/03/2017,148,148.225,147.33,147.81,3888237
03/04/2017,146.7,148.005,145.74,146.92,4609336
04/04/2017,146.84,147.09,144.89,145.5,4368919
05/04/2017,146.19,146.25,143.26,143.62,4607636
06/04/2017,144,144.14,143.01,143.74,3312410
07/04/2017,143.79,143.89,142.71,143.11,3032571
10/04/2017,143.04,144.65,141.21,143.85,5807440
11/04/2017,144.28,144.54,141.98,144.35,4621451
12/04/2017,144.85,145.74,143.55,143.83,4386954
13/04/2017,144.25,144.55,142.76,142.92,3685789
17/04/2017,144.43,147.32,144.43,147.25,16364743
18/04/2017,147.34,147.4,140,143.36,19670975
19/04/2017,143.37,144,138.66,139.76,12395064
20/04/2017,140.3,141.8,139.27,141.18,7248180
21/04/2017,141.39,143.03,140.9028,142.87,6824786
24/04/2017,143.61,144.5,143.4,143.83,4800920
25/04/2017,147.46,153.52,146.22,152.16,20674167
26/04/2017,151.53,152.15,148.9,150.17,9274081
27/04/2017,150.6,153.49,149.3,153.08,7719365
28/04/2017,152.71,152.97,150.94,152.2,6366247
01/05/2017,151.91,157.7,151.61,155.35,9031631
02/05/2017,155.76,156.5,154.61,156.45,5384839
03/05/2017,156.29,156.54,154.88,155.59,3931244
04/05/2017,155.59,157.9,154.55,157.25,5582330
05/05/2017,158.55,158.59,155.9,156.6,5341735
08/05/2017,156.55,157.64,155.3,156.38,4818794
09/05/2017,156.1,157.85,155.97,157.46,3911027
10/05/2017,157.82,161.1,156.56,160.28,6869879
11/05/2017,160.33,160.52,157.55,158.54,5677360
12/05/2017,159.11,160.84,158.51,160.81,5092885
15/05/2017,160.25,161.78,159.76,160.02,4971954
16/05/2017,160.5,161.18,159.33,159.41,3464912
17/05/2017,158.09,158.78,153,153.2,8184483
18/05/2017,153.61,156.89,153.24,155.7,6802670
19/05/2017,156.15,158.05,155.91,157.02,4091486
22/05/2017,157.86,158.6,156.43,157.16,3744055
23/05/2017,157.75,158.31,156.8,157.95,3370930
24/05/2017,158.35,158.48,157.17,157.75,2989797
25/05/2017,161,164.1,160.55,163.05,8560961
26/05/2017,162.84,163.05,161.12,162.43,4834291
30/05/2017,163.6,164.75,162.71,163.22,4828637
31/05/2017,163.61,164,160.74,163.07,5328919
01/06/2017,163.52,163.9316,161.7,162.99,3896317
02/06/2017,163.42,165.36,162.8,165.18,4259081
05/06/2017,165.49,165.5,163.43,165.06,3875174
06/06/2017,164.95,166.82,164.51,165.17,4382092
07/06/2017,165.6,166.4,164.4086,165.61,3353099
08/06/2017,166.12,166.87,164.84,165.88,3719102
09/06/2017,166.27,166.27,154.5,158.03,10291954
12/06/2017,155.3,155.53,148.31,151.44,14114477
13/06/2017,154.38,155.68,150.13,152.72,8484746
14/06/2017,154.34,155.615,150.28,152.2,6461758
15/06/2017,149.44,152.56,147.3,151.76,7319746
16/06/2017,151.45,153.53,150.39,152.38,6909705
19/06/2017,154.29,155.58,152.41,153.4,6544298
20/06/2017,153.68,154.5,151.4,152.05,4878673
21/06/2017,152.5,155.38,152.26,155.03,5803446
22/06/2017,155.13,155.2,153.7,154.89,3769167
23/06/2017,155.01,158.19,153.76,158.02,6250761
26/06/2017,158.78,159.97,156.56,157.5,6015974
27/06/2017,156.62,156.9775,150.7197,151.03,7424252
28/06/2017,151.64,154.2,150.12,153.41,5589883
29/06/2017,152.82,152.82,148,150.09,7142462
30/06/2017,149.76,150.71,148.42,149.41,5213315
03/07/2017,149.8,150.45,145.8,146.17,3908215
05/07/2017,146.58,148.26,145.58,147.61,4627803
06/07/2017,146.13,147.27,144.25,146.25,5486482
07/07/2017,146.65,150.75,146.65,150.18,5561263
10/07/2017,150.34,153.23,149.65,152.67,5360606
11/07/2017,152.37,155.23,151.55,154.33,4898645
12/07/2017,155.77,158.8,155.77,158.75,8481779
13/07/2017,158.51,160.13,156.98,158.21,6700052
14/07/2017,159.3,161.35,157.97,161.12,5549221
17/07/2017,162.91,163.55,160.0201,161.7,17496685
18/07/2017,176.12,185,174.24,183.6,41587395
19/07/2017,182.97,187.17,181.75,183.86,17344321
20/07/2017,183.84,185.92,182.7,183.6,7907182
21/07/2017,182.72,191.5,182.71,188.54,9277448
24/07/2017,188.685,190.25,187.01,187.91,8797260
25/07/2017,187.79,188.66,185.81,186.97,5374472
26/07/2017,187.7,189.7043,187.51,189.08,4479290
27/07/2017,189.89,190,179.38,182.68,11220982
28/07/2017,182,185.03,181.18,184.04,6201947
31/07/2017,184.26,184.9738,180.65,181.66,4883606
01/08/2017,182.49,184.62,181.43,182.03,5112707
02/08/2017,182.22,182.57,177.8149,180.74,5771336
03/08/2017,180.53,181.2248,178.02,179.23,4627732
04/08/2017,179.6,181,178.5,180.27,4491055
07/08/2017,181,182.27,179.1,181.33,4609788
08/08/2017,181.37,181.91,177.45,178.36,6104043
09/08/2017,171.43,175.96,170.01,175.78,9670502
10/08/2017,174.03,174.45,167.6,169.14,9693057
11/08/2017,169.86,172.58,169,171.4,5022334
14/08/2017,169.8,172.45,168.8,171,7468408
15/08/2017,171.53,171.88,168.25,168.5,5656064
16/08/2017,167.5,170.5,166.25,169.98,7013557
17/08/2017,169.23,170.58,165.72,166.09,5229188
18/08/2017,165.95,169.97,165.8,166.54,7385736
21/08/2017,166.91,168.99,164.23,166.76,6480708
22/08/2017,167.76,169.93,167.04,169.34,4886326
23/08/2017,168.35,169.64,166.7,169.06,4632256
24/08/2017,169.86,171.2363,166.15,168.13,5361749
25/08/2017,168.58,168.75,165.5,165.95,4064040
28/08/2017,166.43,168.67,165.6,167.12,3657264
29/08/2017,165,169.68,164.73,168.81,4620920
30/08/2017,169.5,174.85,169.37,174.69,8034743
31/08/2017,175.45,176.24,173.86,174.71,6940990
01/09/2017,175.55,176.48,173.92,174.74,3812968
05/09/2017,173.4,175.88,172.44,174.52,4597441
06/09/2017,175.25,179.46,173.73,179.25,8742643
07/09/2017,178.8,180.35,177.1,179,6036146
08/09/2017,178.45,180.39,176.25,176.42,4590846
11/09/2017,178.1,182.47,178.03,181.74,5979447
12/09/2017,182.55,185.33,180.6435,185.15,6689568
13/09/2017,184.07,184.4995,182.55,183.64,4320349
14/09/2017,183.25,185.2882,182.07,182.63,4510722
15/09/2017,182.73,184.93,181.43,182.35,5591743
18/09/2017,183.61,185.45,182.73,184.62,5359569
19/09/2017,184.98,186.23,184.17,185.68,4982086
20/09/2017,186.1,186.5,183.2,185.51,4624993
21/09/2017,185.82,189.95,184.51,188.78,7148104
22/09/2017,188.4,189.85,186.39,187.35,5464312
25/09/2017,186.46,186.55,177.7,178.55,9367231
26/09/2017,180.7,180.95,176.55,179.38,5602471
27/09/2017,181.01,183.34,180.7,181.97,5710544
28/09/2017,181.25,181.95,179.36,180.7,4076986
29/09/2017,180.73,182.9,180.65,181.35,4227864
02/10/2017,182.11,182.8,176.58,177.01,7342007
03/10/2017,177.65,179.7,177.55,179.19,3956940
04/10/2017,181.41,186.7,181.25,184.45,9235867
05/10/2017,185.65,194.49,184.49,194.39,19412690
06/10/2017,194.3,198.92,192.05,198.02,15348356
09/10/2017,199.1,199.4,196.56,196.87,6971714
10/10/2017,197.85,198.3,192.1,195.08,6233823
11/10/2017,195.57,196.2199,193.81,194.95,6450161
12/10/2017,196.75,198.62,194.71,195.86,7753341
13/10/2017,199.7,200.8199,197.1866,199.49,12081252
16/10/2017,201.95,202.83,197.86,202.68,22105442
17/10/2017,200.11,204.38,197.77,199.48,23900118
18/10/2017,199.99,200.01,194.25,195.54,11198938
19/10/2017,193.01,195.25,191.16,195.13,7034602
20/10/2017,195.9,196.38,193.77,194.16,5995568
23/10/2017,194.17,194.8999,191.0346,192.47,6979994
24/10/2017,192.75,196.735,191.4,196.02,7069108
25/10/2017,195.38,197.055,193.01,193.77,5315269
26/10/2017,194.66,197.61,194.08,195.21,5185830
27/10/2017,197.2,200.65,196.22,199.54,8128567
30/10/2017,199.62,201.099,197.0721,198.37,5439563
31/10/2017,198.21,198.59,195.218,196.43,5518595
01/11/2017,197.24,199.199,196,198,5017420
02/11/2017,197.45,199.44,197.0901,199.32,3606332
03/11/2017,199.8,200.55,197.99,200.01,3678829
06/11/2017,200,202.48,198.09,200.13,5846581
07/11/2017,200,200.61,194.8,195.89,6467969
08/11/2017,196,197.09,194.74,196.44,4237398
09/11/2017,194.46,194.49,190.81,193.9,5910216
10/11/2017,191.61,192.59,189.5,192.02,6622168
13/11/2017,191.12,196.05,191,195.08,4606951
14/11/2017,193.64,195.88,193,195.71,3450513
15/11/2017,194.54,195.42,191.53,192.12,4203072
16/11/2017,194.33,197.7,193.75,195.51,5678355
17/11/2017,195.74,195.95,192.65,193.2,3906333
20/11/2017,193.3,194.32,191.9,194.1,3827474
21/11/2017,195.04,197.52,194.971,196.23,4787311
22/11/2017,196.58,196.75,193.63,196.32,5895402
24/11/2017,196.65,196.9,195.33,195.75,2160535
27/11/2017,195.56,195.85,194,195.05,3210145
28/11/2017,195.34,199.68,194.01,199.18,6981094
29/11/2017,198.91,199.029,184.32,188.15,14202713
30/11/2017,190.31,190.86,186.68,187.58,6630051
01/12/2017,186.99,189.8,185,186.82,6219531
04/12/2017,189.36,189.72,178.38,184.04,9069765
05/12/2017,183.5,188.14,181.19,184.21,5783697
06/12/2017,183.38,186.4844,182.88,185.3,5490088
07/12/2017,185.71,187.34,183.22,185.2,4659542
08/12/2017,186.5,189.42,186.3,188.54,4987270
11/12/2017,187.85,189.42,185.91,186.22,5298583
12/12/2017,186.01,187.85,184.8183,185.73,4265907
13/12/2017,186.1,188.69,185.41,187.86,4710041
14/12/2017,187.98,192.64,187.2,189.56,7792849
15/12/2017,189.61,191.43,188.01,190.12,7285641
18/12/2017,191.2,191.65,188.9,190.42,5010961
19/12/2017,190.18,190.2981,185.75,187.02,7032978
20/12/2017,187.94,189.11,185.26,188.82,6545394
21/12/2017,189.44,190.95,187.58,188.62,4729836
22/12/2017,188.33,190.95,186.8,189.94,3878904
26/12/2017,189.78,189.94,186.4,187.76,3045652
27/12/2017,187.8,188.1,185.22,186.24,4002098
28/12/2017,187.18,194.49,186.85,192.71,10107392
29/12/2017,192.51,193.95,191.22,191.96,5187606
02/01/2018,196.1,201.65,195.42,201.07,10966889
03/01/2018,202.05,206.21,201.5,205.05,8591369
04/01/2018,206.2,207.05,204.0006,205.63,6029616
05/01/2018,207.25,210.02,205.59,209.99,7033240
08/01/2018,210.02,212.5,208.44,212.05,5580178
09/01/2018,212.11,212.98,208.59,209.31,6125855
10/01/2018,207.57,213.64,206.91,212.52,5951486
11/01/2018,214.29,217.75,213.35,217.24,7659485
12/01/2018,217.18,222.55,216,221.23,8199423
16/01/2018,224.24,226.07,217.2,221.53,13516067
17/01/2018,221,221.15,216.32,217.5,9123056
18/01/2018,220.34,220.58,216.55,220.33,8225339
19/01/2018,222.75,223.49,218.5,220.46,10548567
22/01/2018,222,227.785,221.2,227.58,17703293
23/01/2018,255.05,257.71,248.02,250.29,27705332
24/01/2018,250.88,261.71,249.311,261.3,17352448
25/01/2018,263,272.3,260.23,269.7,15336378
26/01/2018,271.485,274.6,268.76,274.6,11021839
29/01/2018,274.2,286.81,273.92,284.59,17529749
30/01/2018,277,282.73,272.7,278.8,12482852
31/01/2018,281.94,282.289,269.58,270.3,11695072
01/02/2018,266.41,271.95,263.38,265.07,9669011
02/02/2018,263,270.62,262.71,267.43,9123610
05/02/2018,262,267.899,250.03,254.26,11896053
06/02/2018,247.7,266.7,245,265.72,12595801
07/02/2018,266.58,272.45,264.325,264.56,8981548
